{"accuracy": [0.5312042236328125, 0.8129596710205078, 0.8777011036872864, 0.9105626344680786, 0.9312184453010559, 0.942812442779541, 0.9535955786705017, 0.9580339789390564, 0.9646347761154175, 0.9692012071609497], "loss": [1.6236659288406372, 0.6211763024330139, 0.40209484100341797, 0.2967715561389923, 0.2297958880662918, 0.19352976977825165, 0.16023634374141693, 0.15013332664966583, 0.12797799706459045, 0.11289333552122116], "val_accuracy": [0.801047146320343, 0.894206702709198, 0.9026291966438293, 0.9386523962020874, 0.9240837693214417, 0.9531072378158569, 0.9510585069656372, 0.9443432688713074, 0.9564648270606995, 0.9498065114021301], "val_loss": [0.6453828811645508, 0.33392271399497986, 0.32107678055763245, 0.21943561732769012, 0.29900243878364563, 0.17311684787273407, 0.1935306191444397, 0.23255343735218048, 0.19252799451351166, 0.23598723113536835]}